Date,Open,High,Low,Close,Adj Close,Volume
2014-02-12,16.0,16.120001000000002,14.56,14.71,14.71,1601700
2014-02-13,15.15,15.47,14.05,14.65,14.65,192300
2014-02-14,14.79,15.49,14.51,15.06,15.06,73400
2014-02-18,15.15,15.46,15.01,15.06,15.06,434400
2014-02-19,15.05,15.09,14.62,14.88,14.88,30400
2014-02-20,14.63,14.99,14.55,14.9,14.9,21800
2014-02-21,15.0,15.48,14.7,15.43,15.43,28300
2014-02-24,15.66,15.66,14.79,15.2,15.2,34000
2014-02-25,15.26,16.0,15.03,16.0,16.0,35500
2014-02-26,16.0,16.77,15.99,16.01,16.01,69400
2014-02-27,16.049999,16.450001,16.049999,16.450001,16.450001,81300
2014-02-28,16.01,19.75,16.01,18.4,18.4,105400
2014-03-03,18.4,19.24,16.360001,17.610001,17.610001,131800
2014-03-04,17.700001,18.799999,17.700001,18.040001,18.040001,54700
2014-03-05,18.360001,19.85,18.26,19.209999,19.209999,221600
2014-03-06,19.49,20.85,19.0,19.34,19.34,175900
2014-03-07,20.719998999999998,20.719998999999998,18.309998999999998,19.26,19.26,66700
2014-03-10,19.27,19.99,18.57,19.219998999999998,19.219998999999998,170900
2014-03-11,19.4,19.559998999999998,18.76,19.290001,19.290001,84700
2014-03-12,19.25,20.5,19.120001000000002,19.700001,19.700001,77300
2014-03-13,19.9,20.18,19.299999,19.75,19.75,87300
2014-03-14,20.0,20.0,17.51,18.51,18.51,89500
2014-03-17,18.65,18.74,17.700001,18.16,18.16,34400
2014-03-18,18.200001,19.040001,17.959999,18.98,18.98,56000
2014-03-19,19.110001,20.040001,19.110001,19.42,19.42,74900
2014-03-20,19.6,19.99,19.290001,19.5,19.5,33700
2014-03-21,19.66,19.66,18.209999,18.59,18.59,82900
2014-03-24,18.889999,19.5,16.41,17.959999,17.959999,80500
2014-03-25,18.0,18.57,16.459999,16.73,16.73,88200
2014-03-26,16.799999,16.799999,15.7,16.43,16.43,104200
2014-03-27,17.49,17.49,14.55,15.76,15.76,144200
2014-03-28,15.86,17.309998999999998,15.54,15.81,15.81,345400
2014-03-31,15.91,16.99,15.01,16.450001,16.450001,675000
2014-04-01,16.5,17.09,16.0,16.93,16.93,102100
2014-04-02,16.950001,17.709999,16.83,17.4,17.4,44600
2014-04-03,17.41,18.0,16.76,17.629998999999998,17.629998999999998,72600
2014-04-04,17.74,18.190001000000002,16.799999,17.940001000000002,17.940001000000002,46200
2014-04-07,17.82,18.23,15.45,17.25,17.25,40100
2014-04-08,17.110001,17.42,16.870001000000002,17.120001000000002,17.120001000000002,37900
2014-04-09,17.120001000000002,17.66,16.82,16.98,16.98,39800
2014-04-10,16.98,17.780001000000002,16.07,16.65,16.65,108400
2014-04-11,16.6,16.639999,14.89,15.15,15.15,68300
2014-04-14,15.25,16.559998999999998,15.25,16.15,16.15,24400
2014-04-15,16.24,16.299999,14.67,15.08,15.08,60900
2014-04-16,15.1,15.1,14.14,14.66,14.66,76000
2014-04-17,14.67,15.04,14.2,14.53,14.53,43400
2014-04-21,14.7,14.7,14.36,14.49,14.49,13400
2014-04-22,14.46,15.14,14.4,14.75,14.75,19800
2014-04-23,14.68,15.01,13.37,13.57,13.57,54200
2014-04-24,13.69,13.69,13.0,13.38,13.38,26900
2014-04-25,13.28,13.4,12.9,13.1,13.1,28300
2014-04-28,13.09,15.0,12.51,12.72,12.72,35000
2014-04-29,12.81,13.81,12.51,12.6,12.6,26600
2014-04-30,12.5,12.5,11.45,11.85,11.85,38200
2014-05-01,11.79,11.87,11.06,11.86,11.86,27400
2014-05-02,11.84,12.12,11.66,11.88,11.88,42800
2014-05-05,11.77,12.87,11.6,12.43,12.43,11800
2014-05-06,12.35,12.55,11.96,12.14,12.14,35000
2014-05-07,12.12,13.43,12.0,12.81,12.81,40500
2014-05-08,12.9,12.9,12.29,12.39,12.39,95600
2014-05-09,12.27,12.93,11.98,12.24,12.24,91800
2014-05-12,12.27,13.4,12.27,12.41,12.41,30200
2014-05-13,12.37,12.63,12.3,12.47,12.47,48400
2014-05-14,12.41,12.75,12.41,12.45,12.45,34600
2014-05-15,12.41,13.02,12.37,12.86,12.86,76200
2014-05-16,12.86,12.86,12.51,12.6,12.6,10300
2014-05-19,13.0,13.0,12.5,12.65,12.65,29300
2014-05-20,12.67,12.78,12.46,12.64,12.64,36000
2014-05-21,12.66,12.8,12.42,12.56,12.56,18700
2014-05-22,12.51,12.8,12.32,12.53,12.53,47400
2014-05-23,12.49,12.85,12.49,12.66,12.66,31500
2014-05-27,12.75,13.06,12.66,12.99,12.99,55400
2014-05-28,12.86,12.88,12.53,12.6,12.6,39700
2014-05-29,12.64,12.64,12.42,12.54,12.54,22500
2014-05-30,12.72,12.85,12.56,12.74,12.74,22900
2014-06-02,12.83,12.83,12.52,12.63,12.63,24700
2014-06-03,12.65,12.67,12.46,12.54,12.54,38400
2014-06-04,12.55,12.61,12.31,12.58,12.58,53200
2014-06-05,12.58,12.65,12.45,12.48,12.48,19600
2014-06-06,12.48,12.55,12.36,12.45,12.45,17500
2014-06-09,12.45,12.7,12.34,12.55,12.55,16600
2014-06-10,12.52,12.65,12.52,12.59,12.59,11600
2014-06-11,12.55,12.78,12.52,12.72,12.72,14700
2014-06-12,12.9,12.9,12.61,12.81,12.81,19400
2014-06-13,12.84,12.99,12.7,12.95,12.95,15200
2014-06-16,13.1,13.23,12.95,13.03,13.03,56400
2014-06-17,13.03,13.07,12.81,12.88,12.88,31800
2014-06-18,13.03,15.14,12.76,14.91,14.91,165000
2014-06-19,14.9,16.549999,13.81,14.06,14.06,122900
2014-06-20,14.02,15.99,13.88,13.88,13.88,133100
2014-06-23,13.97,14.5,13.28,14.04,14.04,24300
2014-06-24,12.79,13.77,12.79,13.55,13.55,17600
2014-06-25,13.57,13.57,12.86,13.33,13.33,9800
2014-06-26,13.2,13.54,13.09,13.2,13.2,14200
2014-06-27,13.09,13.9,12.98,13.76,13.76,107400
2014-06-30,13.78,14.19,13.43,13.48,13.48,16400
2014-07-01,13.25,14.29,13.25,14.01,14.01,25400
2014-07-02,14.01,14.39,14.0,14.02,14.02,15200
2014-07-03,14.04,14.58,14.04,14.37,14.37,21500
2014-07-07,14.38,14.38,13.66,13.66,13.66,28700
2014-07-08,13.72,13.83,13.2,13.35,13.35,21100
2014-07-09,13.35,13.35,13.09,13.32,13.32,9500
2014-07-10,13.25,13.53,13.0,13.27,13.27,20700
2014-07-11,13.2,13.63,13.2,13.62,13.62,12900
2014-07-14,13.59,13.95,13.57,13.74,13.74,13500
2014-07-15,13.78,13.91,13.47,13.53,13.53,10600
2014-07-16,13.64,13.96,13.06,13.22,13.22,16100
2014-07-17,13.21,13.46,12.08,12.22,12.22,27700
2014-07-18,12.16,12.62,11.92,12.3,12.3,64500
2014-07-21,12.18,12.5,12.07,12.18,12.18,40700
2014-07-22,12.45,12.59,12.2,12.44,12.44,34600
2014-07-23,12.41,12.69,12.3,12.47,12.47,29900
2014-07-24,13.29,13.29,12.33,12.69,12.69,34700
2014-07-25,12.86,12.9,12.09,12.39,12.39,40600
2014-07-28,12.5,12.75,12.1,12.22,12.22,59400
2014-07-29,12.12,12.9,12.1,12.18,12.18,21100
2014-07-30,12.22,12.41,12.1,12.26,12.26,39700
2014-07-31,12.1,12.43,12.1,12.28,12.28,27300
2014-08-01,12.34,13.23,11.93,12.1,12.1,59100
2014-08-04,12.02,12.1,11.71,12.0,12.0,78700
2014-08-05,11.95,12.81,11.93,12.55,12.55,28000
2014-08-06,12.53,12.97,12.53,12.81,12.81,47100
2014-08-07,12.76,12.77,12.61,12.65,12.65,7300
2014-08-08,12.84,12.98,12.54,12.95,12.95,18300
2014-08-11,13.0,13.18,12.76,12.96,12.96,17400
2014-08-12,13.06,13.06,12.63,12.96,12.96,28100
2014-08-13,13.01,13.43,12.95,13.37,13.37,30700
2014-08-14,13.37,14.54,13.34,13.94,13.94,28400
2014-08-15,14.09,15.48,13.35,13.54,13.54,23100
2014-08-18,13.75,14.83,13.75,14.27,14.27,15500
2014-08-19,14.35,14.43,13.77,13.89,13.89,16200
2014-08-20,14.33,14.33,13.55,13.86,13.86,35200
2014-08-21,13.94,14.2,13.25,13.4,13.4,16800
2014-08-22,13.39,13.62,12.71,12.89,12.89,31100
2014-08-25,12.95,13.19,12.52,12.61,12.61,20500
2014-08-26,13.29,13.29,12.73,13.12,13.12,20400
2014-08-27,13.03,13.97,12.85,13.84,13.84,41800
2014-08-28,13.72,13.88,13.51,13.8,13.8,15800
2014-08-29,13.78,13.88,13.33,13.72,13.72,17000
2014-09-02,13.76,13.76,13.1,13.15,13.15,37700
2014-09-03,13.25,13.35,12.41,12.82,12.82,15800
2014-09-04,13.9,15.09,13.84,14.02,14.02,77300
2014-09-05,14.07,14.94,14.03,14.06,14.06,35400
2014-09-08,14.09,17.0,14.09,16.790001,16.790001,153500
2014-09-09,16.809998999999998,17.629998999999998,14.99,17.27,17.27,95800
2014-09-10,17.379998999999998,20.92,17.1,20.35,20.35,181800
2014-09-11,20.02,20.34,19.09,19.24,19.24,58000
2014-09-12,19.26,21.23,19.26,19.99,19.99,35200
2014-09-15,20.129998999999998,20.65,18.559998999999998,18.75,18.75,38200
2014-09-16,18.77,19.780001000000002,18.610001,19.610001,19.610001,28000
2014-09-17,19.5,20.110001,19.23,19.379998999999998,19.379998999999998,52100
2014-09-18,15.93,18.59,15.4,18.48,18.48,101300
2014-09-19,18.5,18.58,17.370001000000002,17.889999,17.889999,38700
2014-09-22,17.68,17.68,17.01,17.360001,17.360001,34800
2014-09-23,17.190001000000002,17.4,16.5,16.610001,16.610001,27400
2014-09-24,16.719998999999998,17.01,16.370001000000002,16.68,16.68,35800
2014-09-25,16.809998999999998,17.790001,16.57,17.610001,17.610001,53000
2014-09-26,17.85,17.85,17.23,17.34,17.34,21900
2014-09-29,17.209999,18.0,17.049999,17.940001000000002,17.940001000000002,27100
2014-09-30,17.98,19.15,17.799999,18.26,18.26,65900
2014-10-01,17.85,18.200001,17.07,17.52,17.52,51800
2014-10-02,17.370001000000002,17.48,16.700001,17.120001000000002,17.120001000000002,25100
2014-10-03,17.33,17.91,17.200001,17.26,17.26,29800
2014-10-06,17.450001,17.450001,16.530001000000002,17.129998999999998,17.129998999999998,14200
2014-10-07,16.959999,16.959999,16.110001,16.65,16.65,33900
2014-10-08,16.73,16.73,15.85,16.629998999999998,16.629998999999998,32100
2014-10-09,16.16,16.190001000000002,15.01,15.1,15.1,19000
2014-10-10,15.05,15.2,14.64,14.93,14.93,18200
2014-10-13,15.05,15.9,14.93,15.41,15.41,12800
2014-10-14,15.44,15.8,15.04,15.29,15.29,22800
2014-10-15,15.11,15.81,14.5,15.66,15.66,14600
2014-10-16,15.3,16.23,14.99,16.17,16.17,15800
2014-10-17,16.58,17.139999,15.98,16.299999,16.299999,19100
2014-10-20,16.26,16.950001,16.26,16.52,16.52,25600
2014-10-21,17.58,17.58,15.92,16.290001,16.290001,13000
2014-10-22,15.68,17.09,15.58,16.940001000000002,16.940001000000002,31300
2014-10-23,16.99,18.889999,15.68,18.709999,18.709999,60300
2014-10-24,18.82,18.9,18.309998999999998,18.610001,18.610001,11800
2014-10-27,18.139999,18.82,18.059998999999998,18.719998999999998,18.719998999999998,15200
2014-10-28,18.639999,20.5,18.639999,19.9,19.9,27700
2014-10-29,19.799999,20.0,19.610001,19.620001000000002,19.620001000000002,29800
2014-10-30,19.549999,20.139999,19.200001,19.9,19.9,19500
2014-10-31,20.18,20.18,19.120001000000002,19.59,19.59,16000
2014-11-03,19.4,20.25,19.34,19.610001,19.610001,17700
2014-11-04,20.190001000000002,20.190001000000002,19.120001000000002,19.27,19.27,9400
2014-11-05,19.799999,20.059998999999998,19.190001000000002,19.4,19.4,13500
2014-11-06,19.08,19.780001000000002,18.719998999999998,19.030001000000002,19.030001000000002,23000
2014-11-07,19.530001000000002,19.530001000000002,18.77,18.940001000000002,18.940001000000002,14600
2014-11-10,19.41,19.41,18.459999,18.870001000000002,18.870001000000002,31400
2014-11-11,17.99,19.110001,17.99,19.110001,19.110001,22200
2014-11-12,19.02,19.280001000000002,18.85,19.120001000000002,19.120001000000002,13300
2014-11-13,19.0,19.18,18.65,19.0,19.0,16100
2014-11-14,19.25,20.0,18.75,18.780001000000002,18.780001000000002,39100
2014-11-17,18.75,18.879998999999998,17.809998999999998,17.99,17.99,48000
2014-11-18,19.110001,19.110001,16.620001000000002,17.26,17.26,39100
2014-11-19,17.280001000000002,18.02,17.1,17.139999,17.139999,12600
2014-11-20,17.08,17.709999,16.73,17.18,17.18,56800
2014-11-21,17.48,19.0,16.58,16.68,16.68,25200
2014-11-24,17.700001,17.700001,16.76,17.280001000000002,17.280001000000002,9500
2014-11-25,17.129998999999998,18.15,16.84,17.15,17.15,16000
2014-11-26,17.35,17.790001,17.07,17.66,17.66,16900
2014-11-28,17.559998999999998,17.860001,17.15,17.15,17.15,9200
2014-12-01,17.219998999999998,17.65,15.44,16.25,16.25,26300
2014-12-02,16.93,17.719998999999998,16.450001,16.85,16.85,189800
2014-12-03,17.0,17.540001,16.24,16.889999,16.889999,64500
2014-12-04,16.65,17.34,16.65,17.18,17.18,49300
2014-12-05,17.190001000000002,17.540001,17.190001000000002,17.280001000000002,17.280001000000002,31100
2014-12-08,17.120001000000002,17.17,16.559998999999998,16.9,16.9,38700
2014-12-09,16.190001000000002,18.34,14.95,17.83,17.83,68900
2014-12-10,17.860001,19.34,17.5,18.059998999999998,18.059998999999998,133700
2014-12-11,17.65,17.9,16.99,17.309998999999998,17.309998999999998,123500
2014-12-12,17.84,19.1,17.799999,18.91,18.91,1460800
2014-12-15,18.9,19.74,18.450001,18.85,18.85,114500
2014-12-16,18.73,19.059998999999998,18.42,18.99,18.99,70300
2014-12-17,18.91,21.4,18.91,20.940001000000002,20.940001000000002,109200
2014-12-18,21.0,21.43,19.780001000000002,21.02,21.02,95200
2014-12-19,21.139999,23.639999,19.74,21.26,21.26,239900
2014-12-22,21.389999,21.389999,20.309998999999998,20.68,20.68,43900
2014-12-23,20.83,21.450001,19.02,20.540001,20.540001,24300
2014-12-24,20.66,21.77,20.27,20.559998999999998,20.559998999999998,23500
2014-12-26,20.68,21.07,20.139999,20.620001000000002,20.620001000000002,58300
2014-12-29,20.5,20.629998999999998,19.26,19.99,19.99,149400
2014-12-30,19.950001,20.48,19.6,20.16,20.16,67000
2014-12-31,19.76,21.629998999999998,18.870001000000002,20.190001000000002,20.190001000000002,37100
2015-01-02,20.200001,20.469998999999998,19.76,20.219998999999998,20.219998999999998,91900
2015-01-05,20.040001,21.370001000000002,20.040001,20.48,20.48,163900
2015-01-06,20.6,22.07,20.5,21.93,21.93,85900
2015-01-07,22.030001000000002,22.76,21.75,22.540001,22.540001,235200
2015-01-08,22.780001000000002,23.99,22.530001000000002,23.290001,23.290001,169200
2015-01-09,23.389999,24.030001000000002,22.66,23.0,23.0,84300
2015-01-12,23.23,23.99,21.709999,23.190001000000002,23.190001000000002,94100
2015-01-13,23.4,24.48,23.110001,23.99,23.99,87100
2015-01-14,23.74,24.299999,23.34,24.120001000000002,24.120001000000002,45900
2015-01-15,24.200001,24.200001,22.280001000000002,22.84,22.84,69000
2015-01-16,22.75,23.370001000000002,22.190001000000002,22.52,22.52,106500
2015-01-20,22.459999,23.440001000000002,21.23,23.049999,23.049999,137100
2015-01-21,22.93,23.790001,22.76,22.91,22.91,61200
2015-01-22,22.459999,23.469998999999998,22.459999,23.02,23.02,41500
2015-01-23,22.93,23.0,21.450001,21.780001000000002,21.780001000000002,50600
2015-01-26,22.219998999999998,22.639999,21.4,22.530001000000002,22.530001000000002,60800
2015-01-27,22.299999,23.610001,22.200001,23.059998999999998,23.059998999999998,50200
2015-01-28,23.15,23.15,21.01,21.74,21.74,20400
2015-01-29,21.83,22.16,21.1,21.66,21.66,41000
2015-01-30,21.91,22.209999,20.51,20.59,20.59,56800
2015-02-02,20.559998999999998,21.32,20.35,21.219998999999998,21.219998999999998,60000
2015-02-03,21.35,22.18,20.59,21.41,21.41,274500
2015-02-04,21.389999,21.389999,20.459999,20.889999,20.889999,19000
2015-02-05,19.08,21.629998999999998,19.08,21.51,21.51,24400
2015-02-06,21.549999,21.549999,20.0,21.15,21.15,52900
2015-02-09,20.690001000000002,21.370001000000002,20.67,20.73,20.73,50200
2015-02-10,20.790001,20.91,20.24,20.59,20.59,31600
2015-02-11,21.049999,21.08,20.200001,20.450001,20.450001,25900
2015-02-12,20.99,21.01,20.18,21.01,21.01,35900
2015-02-13,21.200001,21.99,21.200001,21.290001,21.290001,743600
2015-02-17,21.58,22.84,21.58,22.530001000000002,22.530001000000002,43800
2015-02-18,22.559998999999998,23.299999,21.940001000000002,22.92,22.92,40100
2015-02-19,22.950001,23.040001,22.030001000000002,22.85,22.85,55700
2015-02-20,22.92,22.93,22.280001000000002,22.5,22.5,28800
2015-02-23,22.389999,23.469998999999998,22.290001,23.299999,23.299999,158200
2015-02-24,23.49,23.49,22.030001000000002,22.82,22.82,68900
2015-02-25,22.709999,23.719998999999998,22.66,22.950001,22.950001,136000
2015-02-26,23.01,23.27,22.040001,22.889999,22.889999,32000
2015-02-27,22.5,22.950001,22.5,22.809998999999998,22.809998999999998,13000
2015-03-02,22.59,23.16,22.299999,22.719998999999998,22.719998999999998,55200
2015-03-03,22.68,23.17,22.389999,23.15,23.15,40100
2015-03-04,23.15,25.5,23.15,25.379998999999998,25.379998999999998,50100
2015-03-05,25.280001000000002,26.43,24.51,25.27,25.27,45000
2015-03-06,25.18,25.18,24.030001000000002,24.110001,24.110001,31500
2015-03-09,24.07,24.85,23.84,24.700001,24.700001,35400
2015-03-10,24.290001,25.969998999999998,24.02,25.190001000000002,25.190001000000002,53100
2015-03-11,25.4,25.93,24.5,25.209999,25.209999,54100
2015-03-12,25.42,25.42,23.98,24.540001,24.540001,92400
2015-03-13,24.73,26.4,24.5,25.860001,25.860001,36900
2015-03-16,25.860001,26.389999,24.629998999999998,26.139999,26.139999,100500
2015-03-17,26.110001,26.969998999999998,25.299999,26.809998999999998,26.809998999999998,151800
2015-03-18,26.82,26.889999,25.799999,26.700001,26.700001,123800
2015-03-19,27.0,29.27,27.0,29.059998999999998,29.059998999999998,80800
2015-03-20,30.370001000000002,30.370001000000002,27.65,28.32,28.32,256000
2015-03-23,28.0,29.0,25.299999,26.51,26.51,125400
2015-03-24,26.530001000000002,26.719998999999998,24.549999,24.75,24.75,98600
2015-03-25,24.799999,24.860001,22.57,22.84,22.84,129700
2015-03-26,22.700001,23.5,21.889999,22.790001,22.790001,85700
2015-03-27,23.01,23.76,22.17,22.379998999999998,22.379998999999998,73400
2015-03-30,22.57,23.629998999999998,22.110001,23.27,23.27,86300
2015-03-31,23.610001,23.860001,22.219998999999998,22.52,22.52,95200
2015-04-01,22.540001,23.09,21.9,22.639999,22.639999,85100
2015-04-02,22.799999,23.200001,22.309998999999998,23.059998999999998,23.059998999999998,91100
2015-04-06,22.860001,23.700001,22.51,22.92,22.92,107400
2015-04-07,22.790001,23.1,22.700001,22.99,22.99,177300
2015-04-08,23.08,23.18,22.780001000000002,22.969998999999998,22.969998999999998,65500
2015-04-09,22.969998999999998,23.1,22.110001,23.07,23.07,67100
2015-04-10,23.120001000000002,23.200001,22.92,23.030001000000002,23.030001000000002,32500
2015-04-13,23.0,23.0,22.139999,22.200001,22.200001,47700
2015-04-14,22.299999,22.299999,21.25,21.4,21.4,98200
2015-04-15,21.950001,21.99,20.42,20.42,20.42,127300
2015-04-16,20.34,21.15,20.34,20.940001000000002,20.940001000000002,78200
2015-04-17,20.73,20.940001000000002,19.02,19.23,19.23,129700
2015-04-20,19.299999,19.85,18.76,19.01,19.01,86000
2015-04-21,19.219998999999998,19.790001,18.85,19.549999,19.549999,58400
2015-04-22,19.870001000000002,19.959999,18.66,18.77,18.77,69300
2015-04-23,18.809998999999998,18.809998999999998,17.809998999999998,18.549999,18.549999,61500
2015-04-24,18.629998999999998,18.91,18.51,18.52,18.52,25500
2015-04-27,18.91,18.91,16.540001,16.799999,16.799999,195900
2015-04-28,17.200001,17.200001,15.5,16.870001000000002,16.870001000000002,110900
2015-04-29,16.629998999999998,17.629998999999998,16.58,16.82,16.82,70800
2015-04-30,16.66,16.66,15.75,16.02,16.02,48100
2015-05-01,16.110001,16.66,15.89,16.610001,16.610001,56900
2015-05-04,16.719998999999998,18.200001,16.709999,18.0,18.0,111500
2015-05-05,18.1,18.620001000000002,17.809998999999998,18.52,18.52,136000
2015-05-06,18.700001,20.280001000000002,18.16,19.99,19.99,175300
2015-05-07,19.93,20.16,19.049999,20.09,20.09,121800
2015-05-08,20.26,20.26,18.66,18.9,18.9,94900
2015-05-11,18.860001,19.01,18.219998999999998,18.59,18.59,49900
2015-05-12,18.43,18.809998999999998,18.059998999999998,18.549999,18.549999,59800
2015-05-13,18.58,19.139999,17.57,17.809998999999998,17.809998999999998,125700
2015-05-14,17.85,19.280001000000002,17.799999,18.65,18.65,386700
2015-05-15,18.65,18.65,17.9,18.450001,18.450001,37300
2015-05-18,18.43,19.24,18.0,19.18,19.18,37300
2015-05-19,19.110001,19.43,18.85,18.950001,18.950001,30600
2015-05-20,19.129998999999998,19.91,18.709999,19.67,19.67,44300
2015-05-21,19.57,19.75,18.780001000000002,19.24,19.24,32300
2015-05-22,19.4,19.57,19.0,19.18,19.18,48900
2015-05-26,19.15,20.030001000000002,18.91,20.0,20.0,58200
2015-05-27,19.99,19.99,19.16,19.870001000000002,19.870001000000002,68700
2015-05-28,19.879998999999998,20.0,19.35,19.5,19.5,49700
2015-05-29,19.549999,19.99,17.969998999999998,19.91,19.91,42200
2015-06-01,20.030001000000002,20.42,18.809998999999998,19.16,19.16,102300
2015-06-02,19.030001000000002,19.35,18.549999,19.049999,19.049999,49500
2015-06-03,19.209999,19.48,18.82,19.27,19.27,69500
2015-06-04,19.43,19.719998999999998,17.780001000000002,18.709999,18.709999,65700
2015-06-05,18.68,19.360001,17.950001,19.0,19.0,249100
2015-06-08,18.860001,22.34,18.860001,22.01,22.01,310100
2015-06-09,21.879998999999998,22.440001000000002,20.52,22.32,22.32,129100
2015-06-10,22.440001000000002,23.629998999999998,21.9,23.01,23.01,100800
2015-06-11,22.99,23.48,20.709999,21.790001,21.790001,107500
2015-06-12,21.620001000000002,22.120001000000002,20.9,22.059998999999998,22.059998999999998,40500
2015-06-15,22.549999,22.870001000000002,21.139999,22.48,22.48,121400
2015-06-16,22.35,23.309998999999998,21.9,21.99,21.99,82000
2015-06-17,21.959999,22.540001,21.389999,21.85,21.85,73800
2015-06-18,22.299999,22.360001,20.82,20.91,20.91,176800
2015-06-19,20.870001000000002,21.360001,19.700001,20.209999,20.209999,315500
2015-06-22,20.440001000000002,21.9,19.74,21.6,21.6,190000
2015-06-23,21.700001,22.4,21.530001000000002,22.040001,22.040001,114800
2015-06-24,21.860001,22.42,20.700001,21.030001000000002,21.030001000000002,129900
2015-06-25,21.059998999999998,22.4,21.01,22.309998999999998,22.309998999999998,103300
2015-06-26,22.24,22.48,20.969998999999998,21.6,21.6,1132400
2015-06-29,21.610001,21.879998999999998,20.709999,20.799999,20.799999,198800
2015-06-30,20.92,22.030001000000002,20.790001,21.889999,21.889999,84600
2015-07-01,22.219998999999998,22.9,20.84,21.58,21.58,108200
2015-07-02,21.65,21.65,21.030001000000002,21.190001000000002,21.190001000000002,32500
2015-07-06,21.08,22.549999,20.67,22.5,22.5,76300
2015-07-07,22.6,23.9,21.879998999999998,23.290001,23.290001,163800
2015-07-08,23.290001,24.040001,21.610001,22.1,22.1,104900
2015-07-09,22.41,22.709999,21.879998999999998,22.43,22.43,75700
2015-07-10,22.780001000000002,24.469998999999998,22.4,23.74,23.74,72500
2015-07-13,23.959999,24.709999,23.860001,24.280001000000002,24.280001000000002,231100
2015-07-14,24.33,25.299999,23.879998999999998,25.049999,25.049999,844900
2015-07-15,25.41,26.99,25.41,25.799999,25.799999,301100
2015-07-16,25.959999,26.68,25.030001000000002,25.620001000000002,25.620001000000002,145800
2015-07-17,25.77,26.23,25.440001000000002,25.549999,25.549999,274600
2015-07-20,25.6,25.85,24.49,25.09,25.09,116800
2015-07-21,25.1,25.370001000000002,24.49,24.959999,24.959999,174400
2015-07-22,24.85,25.790001,24.77,25.559998999999998,25.559998999999998,144600
2015-07-23,25.76,26.120001000000002,25.1,25.4,25.4,143600
2015-07-24,25.290001,25.6,23.450001,23.5,23.5,120200
2015-07-27,23.27,23.27,22.209999,22.77,22.77,113400
2015-07-28,23.139999,23.280001000000002,21.559998999999998,22.59,22.59,178600
2015-07-29,22.65,22.99,20.65,20.93,20.93,160100
2015-07-30,21.25,23.35,21.25,22.620001000000002,22.620001000000002,282000
2015-07-31,22.610001,23.85,22.219998999999998,23.4,23.4,133800
2015-08-03,23.540001,24.34,23.540001,24.32,24.32,137300
2015-08-04,24.24,24.620001000000002,23.52,23.76,23.76,169800
2015-08-05,23.82,24.26,23.41,23.93,23.93,110700
2015-08-06,24.0,24.25,22.0,22.540001,22.540001,131600
2015-08-07,22.32,23.34,21.58,23.110001,23.110001,133500
2015-08-10,23.530001000000002,25.09,23.51,23.57,23.57,112100
2015-08-11,23.219998999999998,23.790001,22.02,22.450001,22.450001,139500
2015-08-12,22.35,22.91,21.450001,22.75,22.75,74500
2015-08-13,22.75,23.879998999999998,22.75,22.969998999999998,22.969998999999998,90000
2015-08-14,22.83,23.469998999999998,22.690001000000002,23.1,23.1,108500
2015-08-17,22.879998999999998,24.18,22.41,24.17,24.17,88800
2015-08-18,23.82,24.48,23.74,24.209999,24.209999,132400
2015-08-19,24.27,24.68,23.9,24.15,24.15,119700
2015-08-20,23.93,24.620001000000002,23.879998999999998,24.08,24.08,138600
2015-08-21,23.67,25.190001000000002,23.120001000000002,24.389999,24.389999,152200
2015-08-24,23.299999,24.370001000000002,22.5,22.889999,22.889999,109700
2015-08-25,23.870001000000002,23.889999,22.379998999999998,22.76,22.76,94400
2015-08-26,23.110001,24.309998999999998,22.469998999999998,23.969998999999998,23.969998999999998,118400
2015-08-27,24.18,25.610001,23.6,24.709999,24.709999,143900
2015-08-28,24.76,25.389999,24.389999,25.290001,25.290001,80100
2015-08-31,25.209999,25.629998999999998,23.889999,24.110001,24.110001,205400
2015-09-01,23.67,24.959999,23.02,24.559998999999998,24.559998999999998,138800
2015-09-02,25.860001,26.43,23.24,26.32,26.32,253200
2015-09-03,26.290001,26.42,25.57,25.639999,25.639999,85300
2015-09-04,25.389999,28.16,24.58,27.290001,27.290001,109800
2015-09-08,27.639999,29.09,27.059998999999998,29.0,29.0,313800
2015-09-09,21.950001,22.290001,19.68,22.02,22.02,2495900
2015-09-10,22.01,23.790001,20.889999,23.280001000000002,23.280001000000002,627900
2015-09-11,23.030001000000002,23.48,22.700001,23.42,23.42,176700
2015-09-14,23.290001,24.639999,22.799999,24.5,24.5,356500
2015-09-15,24.82,25.4,23.290001,23.51,23.51,230900
2015-09-16,23.610001,23.74,22.190001000000002,23.48,23.48,265900
2015-09-17,23.360001,24.1,22.129998999999998,22.76,22.76,206900
2015-09-18,22.32,26.1,22.219998999999998,24.99,24.99,548100
2015-09-21,25.48,25.48,23.940001000000002,25.120001000000002,25.120001000000002,302200
2015-09-22,24.75,25.219998999999998,23.6,25.09,25.09,306500
2015-09-23,25.09,25.879998999999998,24.610001,25.059998999999998,25.059998999999998,212300
2015-09-24,24.84,25.059998999999998,22.5,23.379998999999998,23.379998999999998,297200
2015-09-25,22.0,23.190001000000002,18.469998999999998,19.01,19.01,845600
2015-09-28,18.82,19.09,16.290001,16.4,16.4,453200
2015-09-29,16.379998999999998,16.379998999999998,14.02,14.43,14.43,566300
2015-09-30,14.67,14.96,13.71,14.86,14.86,461300
2015-10-01,14.65,14.65,13.22,13.64,13.64,302500
2015-10-02,13.97,14.66,13.08,14.5,14.5,301100
2015-10-05,14.5,15.38,14.25,15.14,15.14,247200
2015-10-06,15.05,15.05,13.37,13.95,13.95,452200
2015-10-07,13.94,14.85,13.49,14.8,14.8,224500
2015-10-08,14.58,15.1,13.96,14.92,14.92,240500
2015-10-09,14.84,15.49,14.41,15.19,15.19,96600
2015-10-12,15.33,15.55,14.72,15.21,15.21,111900
2015-10-13,15.02,15.47,14.13,14.38,14.38,144000
2015-10-14,14.49,14.72,13.43,13.88,13.88,164200
2015-10-15,13.86,15.53,13.86,15.48,15.48,138400
2015-10-16,15.52,15.81,14.61,15.1,15.1,96600
2015-10-19,15.25,16.43,15.0,15.5,15.5,505100
2015-10-20,15.36,16.01,14.44,15.01,15.01,225700
2015-10-21,15.2,15.2,14.02,14.51,14.51,201500
2015-10-22,14.62,14.9,13.79,14.29,14.29,128900
2015-10-23,14.54,15.53,13.96,15.51,15.51,143700
2015-10-26,15.38,16.9,15.2,16.26,16.26,149100
2015-10-27,16.200001,17.23,16.07,17.15,17.15,208100
2015-10-28,17.139999,17.99,16.6,17.42,17.42,253200
2015-10-29,17.32,18.0,16.57,16.790001,16.790001,106500
2015-10-30,16.76,16.92,16.17,16.48,16.48,60900
2015-11-02,16.68,17.65,16.549999,17.41,17.41,98600
2015-11-03,17.43,17.9,16.969998999999998,17.370001000000002,17.370001000000002,163100
2015-11-04,17.809998999999998,18.780001000000002,17.620001000000002,18.16,18.16,515300
2015-11-05,18.129998999999998,18.66,17.530001000000002,17.709999,17.709999,111100
2015-11-06,17.719998999999998,17.719998999999998,16.620001000000002,17.469998999999998,17.469998999999998,234700
2015-11-09,17.66,18.309998999999998,16.879998999999998,17.24,17.24,161400
2015-11-10,17.07,17.35,16.200001,16.99,16.99,247900
2015-11-11,17.049999,17.26,16.77,16.959999,16.959999,100500
2015-11-12,16.799999,17.620001000000002,16.4,16.83,16.83,88800
2015-11-13,16.75,17.6,16.629998999999998,17.059998999999998,17.059998999999998,64600
2015-11-16,16.940001000000002,17.34,16.33,16.540001,16.540001,71300
2015-11-17,16.66,17.290001,16.379998999999998,16.98,16.98,110800
2015-11-18,17.02,17.9,16.82,17.65,17.65,143300
2015-11-19,17.549999,17.790001,16.43,16.950001,16.950001,95800
2015-11-20,17.07,17.18,16.610001,16.969998999999998,16.969998999999998,86900
2015-11-23,16.92,18.120001000000002,16.49,17.33,17.33,263100
2015-11-24,17.200001,17.889999,17.0,17.51,17.51,99000
2015-11-25,18.51,18.700001,17.5,18.6,18.6,90400
2015-11-27,18.629998999999998,19.559998999999998,18.610001,19.450001,19.450001,72500
2015-11-30,19.469998999999998,19.83,18.84,19.440001000000002,19.440001000000002,143500
2015-12-01,19.559998999999998,19.559998999999998,18.65,19.01,19.01,114600
2015-12-02,18.950001,20.030001000000002,18.74,19.549999,19.549999,135100
2015-12-03,19.65,19.98,18.940001000000002,19.059998999999998,19.059998999999998,186300
2015-12-04,18.98,19.34,18.58,19.24,19.24,114200
2015-12-07,19.15,19.15,18.200001,18.9,18.9,105700
2015-12-08,18.629998999999998,19.67,18.4,19.0,19.0,126000
2015-12-09,18.969998999999998,19.120001000000002,18.4,18.42,18.42,116400
2015-12-10,18.620001000000002,20.0,18.42,19.530001000000002,19.530001000000002,222100
2015-12-11,19.120001000000002,19.99,19.120001000000002,19.77,19.77,132800
2015-12-14,19.709999,20.700001,19.4,19.690001000000002,19.690001000000002,259200
2015-12-15,19.98,20.76,19.41,19.860001,19.860001,189800
2015-12-16,20.09,20.82,19.620001000000002,20.75,20.75,164800
2015-12-17,20.77,21.709999,19.26,19.309998999999998,19.309998999999998,408800
2015-12-18,19.209999,19.860001,18.99,19.030001000000002,19.030001000000002,916800
2015-12-21,19.139999,20.290001,18.74,19.620001000000002,19.620001000000002,174500
2015-12-22,19.74,19.74,18.709999,19.48,19.48,228000
2015-12-23,19.559998999999998,19.959999,19.15,19.200001,19.200001,112200
2015-12-24,19.200001,19.540001,19.049999,19.43,19.43,40700
2015-12-28,19.280001000000002,20.139999,18.91,19.040001,19.040001,141800
2015-12-29,19.030001000000002,19.49,18.73,19.32,19.32,154200
2015-12-30,19.27,19.75,18.950001,19.02,19.02,111000
2015-12-31,19.0,19.5,18.639999,19.27,19.27,102500
2016-01-04,18.959999,19.16,17.51,18.200001,18.200001,128400
2016-01-05,18.41,19.42,18.18,18.780001000000002,18.780001000000002,133800
2016-01-06,18.43,18.5,16.83,16.969998999999998,16.969998999999998,105500
2016-01-07,16.52,16.559998999999998,15.57,15.69,15.69,138800
2016-01-08,15.85,16.26,14.95,15.41,15.41,126500
2016-01-11,15.54,16.66,15.03,15.56,15.56,235000
2016-01-12,15.67,16.360001,15.04,15.67,15.67,98000
2016-01-13,15.92,16.16,15.19,15.32,15.32,121600
2016-01-14,15.38,16.01,14.53,15.81,15.81,135000
2016-01-15,15.29,15.66,15.0,15.61,15.61,102300
2016-01-19,15.88,15.88,14.7,14.98,14.98,211200
2016-01-20,14.67,16.219998999999998,14.38,15.86,15.86,118300
2016-01-21,15.85,16.549999,15.0,15.76,15.76,79000
2016-01-22,16.1,16.1,14.82,15.7,15.7,83100
2016-01-25,15.61,17.440001000000002,15.33,15.57,15.57,64000
2016-01-26,15.61,15.87,14.61,15.56,15.56,72000
2016-01-27,15.56,15.56,14.96,15.11,15.11,172900
2016-01-28,15.25,15.44,14.4,14.96,14.96,94700
2016-01-29,14.96,15.58,14.75,15.48,15.48,58800
2016-02-01,15.36,16.43,15.18,15.98,15.98,139600
2016-02-02,15.77,15.89,14.75,14.87,14.87,70500
2016-02-03,15.0,15.0,13.99,14.03,14.03,228700
2016-02-04,14.03,14.88,13.97,14.13,14.13,97500
2016-02-05,14.08,14.3,13.15,13.2,13.2,93100
2016-02-08,13.03,13.03,11.22,11.31,11.31,333800
2016-02-09,11.06,11.7,10.87,11.24,11.24,212900
2016-02-10,11.25,12.24,11.14,11.41,11.41,257100
2016-02-11,11.13,11.75,11.01,11.25,11.25,326900
2016-02-12,11.53,11.53,10.46,10.6,10.6,331700
2016-02-16,10.78,11.19,10.54,10.9,10.9,716200
2016-02-17,13.0,13.48,11.7,13.0,13.0,4612900
2016-02-18,12.77,13.07,11.88,11.91,11.91,708500
2016-02-19,11.8,11.8,10.52,10.91,10.91,756800
2016-02-22,10.93,11.05,10.65,10.9,10.9,349400
2016-02-23,10.9,11.24,10.19,10.42,10.42,668200
2016-02-24,10.15,10.55,9.57,9.86,9.86,632000
2016-02-25,9.88,10.1,9.55,9.81,9.81,207100
2016-02-26,9.96,10.02,9.54,9.75,9.75,186200
2016-02-29,9.84,9.94,9.39,9.46,9.46,272700
2016-03-01,9.49,9.66,9.25,9.46,9.46,308000
2016-03-02,9.47,10.11,9.28,10.02,10.02,343500
2016-03-03,10.0,10.45,9.97,10.08,10.08,345000
2016-03-04,10.13,10.2,9.71,9.74,9.74,206000
2016-03-07,9.72,11.0,9.65,10.81,10.81,398700
2016-03-08,10.8,11.04,9.97,10.04,10.04,239100
2016-03-09,10.15,10.3,9.66,10.08,10.08,194700
2016-03-10,10.15,10.35,9.66,9.71,9.71,268000
2016-03-11,9.67,9.76,8.23,8.97,8.97,581300
2016-03-14,8.92,9.82,8.92,9.72,9.72,166500
2016-03-15,9.56,9.6,8.4,8.44,8.44,228700
2016-03-16,8.44,8.49,8.19,8.28,8.28,190300
2016-03-17,8.3,8.71,7.56,8.12,8.12,274800
2016-03-18,8.18,8.65,7.68,8.47,8.47,409900
2016-03-21,8.44,8.9,8.28,8.59,8.59,128000
2016-03-22,8.58,9.39,8.48,9.03,9.03,223900
2016-03-23,8.96,9.23,8.42,8.65,8.65,334000
2016-03-24,8.54,9.05,8.31,8.81,8.81,248900
2016-03-28,8.87,8.92,8.17,8.55,8.55,271100
2016-03-29,8.49,9.1,8.15,9.01,9.01,153100
2016-03-30,9.09,9.56,8.66,9.0,9.0,143400
2016-03-31,9.0,9.47,8.91,9.2,9.2,115300
2016-04-01,9.12,9.49,8.93,9.42,9.42,69000
2016-04-04,9.65,11.21,9.58,10.95,10.95,582200
2016-04-05,10.98,11.55,10.51,11.0,11.0,384800
2016-04-06,11.01,12.9,11.01,12.3,12.3,397100
2016-04-07,12.19,12.78,11.73,12.24,12.24,375600
2016-04-08,12.45,12.45,11.51,11.76,11.76,146800
2016-04-11,11.87,12.2,11.63,11.79,11.79,276400
2016-04-12,11.78,12.03,11.49,11.86,11.86,201900
2016-04-13,11.99,12.4,11.87,12.31,12.31,210500
2016-04-14,12.35,12.75,12.12,12.65,12.65,93500
2016-04-15,12.56,12.97,12.49,12.85,12.85,127700
2016-04-18,12.8,13.48,12.64,13.39,13.39,191800
2016-04-19,13.36,13.36,12.5,12.56,12.56,144900
2016-04-20,12.6,12.86,12.37,12.41,12.41,106800
2016-04-21,12.4,13.64,12.3,13.12,13.12,161100
2016-04-22,13.14,13.24,12.68,12.76,12.76,110000
2016-04-25,12.82,12.82,12.48,12.58,12.58,126100
2016-04-26,12.6,12.67,11.83,12.15,12.15,120900
2016-04-27,12.11,12.19,10.54,10.61,10.61,316300
2016-04-28,10.6,11.19,10.27,10.76,10.76,88600
2016-04-29,10.82,10.92,10.18,10.4,10.4,113000
2016-05-02,10.42,10.76,10.01,10.63,10.63,136200
2016-05-03,10.83,11.39,10.4,11.28,11.28,234700
2016-05-04,11.27,11.35,10.03,10.19,10.19,170300
2016-05-05,10.05,10.74,9.73,10.11,10.11,142500
2016-05-06,9.99,10.3,9.64,9.75,9.75,128900
2016-05-09,9.82,10.35,9.73,10.18,10.18,72500
2016-05-10,10.29,10.29,9.67,10.04,10.04,74600
2016-05-11,10.08,10.12,9.38,9.42,9.42,120400
2016-05-12,9.47,9.66,8.52,8.59,8.59,277900
2016-05-13,9.27,9.27,8.16,8.75,8.75,226300
2016-05-16,8.83,9.78,8.77,9.67,9.67,247600
2016-05-17,9.65,10.03,9.47,9.6,9.6,158900
2016-05-18,9.93,10.91,9.91,10.24,10.24,177300
2016-05-19,10.23,10.64,9.45,9.68,9.68,147100
2016-05-20,9.79,10.7,9.6,10.49,10.49,128600
2016-05-23,10.49,10.98,10.24,10.6,10.6,105400
2016-05-24,10.75,11.68,10.6,11.54,11.54,166200
2016-05-25,11.61,12.3,11.41,11.45,11.45,358300
2016-05-26,12.66,17.35,12.66,17.23,17.23,2327000
2016-05-27,16.860001,16.879998999999998,14.67,15.53,15.53,1046600
2016-05-31,15.66,17.870001000000002,15.39,17.440001000000002,17.440001000000002,828000
2016-06-01,17.01,17.309998999999998,16.040001,16.83,16.83,576800
2016-06-02,16.93,17.24,16.48,17.049999,17.049999,412900
2016-06-03,16.99,16.99,15.8,16.120001000000002,16.120001000000002,376600
2016-06-06,16.07,17.15,15.85,16.73,16.73,341600
2016-06-07,16.610001,16.77,16.08,16.09,16.09,211300
2016-06-08,14.51,14.92,13.89,14.1,14.1,3588300
2016-06-09,14.08,14.39,14.02,14.03,14.03,539200
2016-06-10,14.01,14.2,13.8,13.83,13.83,490700
2016-06-13,14.1,14.35,13.75,13.89,13.89,358900
2016-06-14,13.86,14.13,13.13,13.75,13.75,682900
2016-06-15,13.84,14.0,13.64,13.72,13.72,189000
2016-06-16,13.53,13.99,13.1,13.91,13.91,287300
2016-06-17,14.0,14.05,13.25,13.28,13.28,300400
2016-06-20,13.65,14.35,13.28,14.02,14.02,349800
2016-06-21,14.1,14.18,13.4,13.77,13.77,294600
2016-06-22,13.57,14.35,13.49,13.82,13.82,318300
2016-06-23,14.08,15.0,13.99,14.84,14.84,479600
2016-06-24,14.3,14.84,13.84,13.93,13.93,1049300
2016-06-27,13.82,13.96,13.2,13.48,13.48,463000
2016-06-28,13.86,15.57,13.75,15.08,15.08,455300
2016-06-29,15.53,15.81,14.52,14.88,14.88,519900
2016-06-30,14.92,15.19,14.5,14.97,14.97,400100
2016-07-01,14.99,15.47,14.78,15.4,15.4,519200
2016-07-05,15.24,15.75,15.05,15.55,15.55,452900
2016-07-06,15.55,17.030001000000002,15.5,16.24,16.24,471000
2016-07-07,16.209999,16.43,15.3,15.79,15.79,370500
2016-07-08,15.77,16.309998999999998,15.47,16.25,16.25,233800
2016-07-11,16.360001,16.6,15.85,15.86,15.86,124500
2016-07-12,15.91,16.65,15.8,16.41,16.41,221900
2016-07-13,16.719998999999998,16.719998999999998,15.56,15.63,15.63,292100
2016-07-14,15.8,15.81,15.0,15.12,15.12,159400
2016-07-15,15.2,15.75,15.09,15.61,15.61,137900
2016-07-18,15.59,15.95,15.36,15.9,15.9,165800
2016-07-19,15.89,16.1,15.1,15.34,15.34,136800
2016-07-20,15.4,16.02,15.22,15.9,15.9,187700
2016-07-21,16.43,17.24,16.24,16.58,16.58,436300
2016-07-22,16.58,17.08,16.49,16.85,16.85,400700
2016-07-25,16.93,17.139999,16.15,16.610001,16.610001,304900
2016-07-26,16.51,16.84,16.25,16.57,16.57,183700
2016-07-27,16.709999,17.09,16.51,17.09,17.09,279700
2016-07-28,17.059998999999998,17.18,15.69,16.620001000000002,16.620001000000002,451500
2016-07-29,16.5,16.629998999999998,16.18,16.559998999999998,16.559998999999998,776900
2016-08-01,16.639999,16.91,16.08,16.51,16.51,295500
2016-08-02,16.33,16.67,15.97,16.34,16.34,135000
2016-08-03,16.190001000000002,16.75,16.139999,16.74,16.74,159500
2016-08-04,16.9,19.049999,16.889999,17.25,17.25,632600
2016-08-05,17.26,17.67,16.969998999999998,17.549999,17.549999,265100
2016-08-08,17.65,18.139999,17.559998999999998,17.75,17.75,229800
2016-08-09,17.83,18.030001000000002,17.48,17.969998999999998,17.969998999999998,269900
2016-08-10,17.969998999999998,18.09,16.809998999999998,16.870001000000002,16.870001000000002,292800
2016-08-11,16.98,17.25,16.870001000000002,17.16,17.16,288300
2016-08-12,17.18,17.540001,17.15,17.5,17.5,208200
2016-08-15,17.559998999999998,18.17,17.42,17.85,17.85,239200
2016-08-16,17.799999,18.26,17.68,17.73,17.73,164100
2016-08-17,17.709999,17.83,17.200001,17.809998999999998,17.809998999999998,190600
2016-08-18,17.77,18.17,17.559998999999998,17.74,17.74,150900
2016-08-19,17.690001000000002,18.08,17.6,17.799999,17.799999,83400
2016-08-22,17.92,18.379998999999998,17.74,18.0,18.0,157100
2016-08-23,18.110001,18.17,17.52,17.860001,17.860001,144300
2016-08-24,17.860001,18.209999,16.620001000000002,16.75,16.75,408500
2016-08-25,16.83,17.17,16.25,16.690001000000002,16.690001000000002,333600
2016-08-26,16.67,17.049999,16.59,16.969998999999998,16.969998999999998,185400
2016-08-29,17.049999,17.049999,16.6,16.84,16.84,146100
2016-08-30,16.82,17.02,16.75,16.92,16.92,192800
2016-08-31,16.93,16.93,16.459999,16.68,16.68,207100
2016-09-01,16.67,16.969998999999998,16.5,16.91,16.91,222200
2016-09-02,16.940001000000002,17.02,16.65,16.83,16.83,94600
2016-09-06,16.98,17.33,16.82,17.059998999999998,17.059998999999998,218100
2016-09-07,17.02,17.16,16.700001,17.0,17.0,208400
2016-09-08,17.0,17.120001000000002,16.73,16.950001,16.950001,215800
2016-09-09,16.65,16.940001000000002,15.78,15.82,15.82,321200
2016-09-12,15.72,16.459999,15.72,16.35,16.35,248100
2016-09-13,16.190001000000002,16.450001,15.44,15.87,15.87,224400
2016-09-14,16.0,16.6,15.88,16.07,16.07,213600
2016-09-15,16.07,16.34,15.75,16.1,16.1,201200
2016-09-16,16.1,17.450001,15.88,17.290001,17.290001,471200
2016-09-19,17.309998999999998,17.59,16.6,16.76,16.76,232600
2016-09-20,16.969998999999998,17.309998999999998,16.780001000000002,17.030001000000002,17.030001000000002,99800
2016-09-21,17.08,17.549999,16.610001,17.360001,17.360001,187200
2016-09-22,17.52,17.809998999999998,17.27,17.780001000000002,17.780001000000002,312300
2016-09-23,17.76,18.25,17.610001,18.02,18.02,231300
2016-09-26,17.799999,18.0,17.48,17.49,17.49,127700
2016-09-27,17.49,18.799999,17.309998999999998,18.77,18.77,332300
2016-09-28,18.889999,19.530001000000002,18.77,19.379998999999998,19.379998999999998,322900
2016-09-29,19.370001000000002,19.629998999999998,18.93,19.01,19.01,363100
2016-09-30,19.16,19.620001000000002,18.610001,19.540001,19.540001,243100
2016-10-03,19.43,19.620001000000002,19.07,19.57,19.57,139300
2016-10-04,19.68,19.99,19.48,19.719998999999998,19.719998999999998,178700
2016-10-05,19.719998999999998,21.190001000000002,19.620001000000002,20.98,20.98,280800
2016-10-06,20.690001000000002,20.91,20.23,20.43,20.43,240900
2016-10-07,20.43,20.57,19.549999,19.99,19.99,189300
2016-10-10,20.16,20.6,20.120001000000002,20.450001,20.450001,383400
2016-10-11,20.110001,20.18,18.620001000000002,18.959999,18.959999,228200
2016-10-12,18.940001000000002,19.24,18.66,18.879998999999998,18.879998999999998,244500
2016-10-13,18.459999,18.969998999999998,18.459999,18.57,18.57,181000
2016-10-14,18.73,19.059998999999998,18.07,18.66,18.66,304700
2016-10-17,18.620001000000002,19.49,18.4,19.309998999999998,19.309998999999998,254500
2016-10-18,19.65,20.58,19.32,20.5,20.5,425200
2016-10-19,20.530001000000002,20.530001000000002,19.700001,20.07,20.07,181300
2016-10-20,20.09,20.559998999999998,19.959999,20.5,20.5,266800
2016-10-21,20.4,20.93,19.719998999999998,20.530001000000002,20.530001000000002,376800
2016-10-24,20.84,20.84,19.809998999999998,19.84,19.84,164800
2016-10-25,19.860001,20.15,19.74,19.799999,19.799999,100600
2016-10-26,19.799999,20.059998999999998,19.360001,19.58,19.58,86000
2016-10-27,19.75,19.950001,19.18,19.190001000000002,19.190001000000002,86900
2016-10-28,19.190001000000002,19.440001000000002,18.76,19.040001,19.040001,170700
2016-10-31,19.129998999999998,19.15,18.559998999999998,19.1,19.1,222200
2016-11-01,19.77,20.65,19.129998999999998,19.530001000000002,19.530001000000002,266900
2016-11-02,20.5,20.5,18.52,18.530001000000002,18.530001000000002,177600
2016-11-03,18.5,18.799999,16.790001,16.93,16.93,272700
2016-11-04,16.76,17.84,16.75,17.4,17.4,173800
2016-11-07,17.92,18.48,17.73,18.24,18.24,217100
2016-11-08,18.0,18.43,15.93,17.959999,17.959999,725800
2016-11-09,18.75,20.75,18.75,19.92,19.92,487800
2016-11-10,20.200001,22.0,19.879998999999998,21.65,21.65,520300
2016-11-11,21.9,23.57,21.280001000000002,21.629998999999998,21.629998999999998,513900
2016-11-14,21.83,22.299999,20.549999,20.969998999999998,20.969998999999998,335000
2016-11-15,21.0,21.719998999999998,20.280001000000002,20.290001,20.290001,232700
2016-11-16,18.370001000000002,18.549999,18.0,18.1,18.1,3041900
2016-11-17,18.0,18.370001000000002,17.9,18.049999,18.049999,880600
2016-11-18,18.139999,18.59,18.0,18.209999,18.209999,661400
2016-11-21,18.290001,18.299999,17.67,17.92,17.92,423900
2016-11-22,17.93,18.27,17.610001,18.01,18.01,359300
2016-11-23,17.9,18.889999,17.780001000000002,18.52,18.52,569600
2016-11-25,18.559998999999998,18.66,18.110001,18.33,18.33,234800
2016-11-28,18.34,18.450001,17.41,17.629998999999998,17.629998999999998,336000
2016-11-29,17.6,17.84,17.299999,17.379998999999998,17.379998999999998,299700
2016-11-30,17.459999,17.59,16.32,16.5,16.5,723700
2016-12-01,16.559998999999998,16.799999,15.96,16.559998999999998,16.559998999999998,383400
2016-12-02,16.530001000000002,17.629998999999998,16.17,17.52,17.52,467500
2016-12-05,17.700001,18.35,17.469998999999998,18.309998999999998,18.309998999999998,394300
2016-12-06,18.370001000000002,19.040001,18.07,18.879998999999998,18.879998999999998,396600
2016-12-07,18.58,19.040001,17.780001000000002,19.02,19.02,506000
2016-12-08,18.99,19.610001,18.379998999999998,19.49,19.49,386700
2016-12-09,19.620001000000002,20.25,19.02,19.549999,19.549999,416600
2016-12-12,19.549999,19.93,18.559998999999998,18.75,18.75,395300
2016-12-13,18.969998999999998,19.24,18.17,18.629998999999998,18.629998999999998,451500
2016-12-14,18.799999,19.200001,18.5,19.049999,19.049999,299600
2016-12-15,19.24,19.549999,18.459999,19.530001000000002,19.530001000000002,432200
2016-12-16,19.610001,20.24,19.17,19.42,19.42,905000
2016-12-19,19.32,19.690001000000002,19.08,19.15,19.15,224600
2016-12-20,19.290001,19.370001000000002,18.469998999999998,18.559998999999998,18.559998999999998,315100
2016-12-21,18.5,18.780001000000002,18.15,18.18,18.18,268400
2016-12-22,19.18,19.66,18.23,18.57,18.57,621900
2016-12-23,18.65,20.940001000000002,18.6,20.709999,20.709999,635200
2016-12-27,20.799999,21.16,20.23,20.73,20.73,333900
2016-12-28,20.790001,20.99,19.870001000000002,19.92,19.92,153800
2016-12-29,19.940001000000002,20.33,18.77,19.049999,19.049999,440000
2016-12-30,19.190001000000002,19.51,18.66,19.02,19.02,187400
2017-01-03,19.35,19.360001,18.639999,18.92,18.92,177800
2017-01-04,19.0,19.82,19.0,19.379998999999998,19.379998999999998,351400
2017-01-05,19.5,19.889999,19.0,19.110001,19.110001,210500
2017-01-06,19.4,19.77,19.26,19.610001,19.610001,404700
2017-01-09,19.799999,20.1,19.34,19.77,19.77,311100
2017-01-10,19.85,20.120001000000002,19.290001,20.0,20.0,267500
2017-01-11,20.0,20.0,18.690001000000002,19.02,19.02,275100
2017-01-12,18.84,19.16,18.02,19.07,19.07,216900
2017-01-13,19.040001,19.48,19.0,19.190001000000002,19.190001000000002,204000
2017-01-17,19.02,19.02,18.35,18.559998999999998,18.559998999999998,211200
2017-01-18,18.700001,19.110001,18.1,18.98,18.98,336400
2017-01-19,18.969998999999998,19.040001,18.299999,18.5,18.5,119100
2017-01-20,18.530001000000002,18.809998999999998,18.16,18.440001000000002,18.440001000000002,127500
2017-01-23,18.360001,18.98,17.91,18.889999,18.889999,232800
2017-01-24,18.879998999999998,19.02,18.200001,18.74,18.74,174100
2017-01-25,18.950001,19.16,18.67,18.959999,18.959999,133100
2017-01-26,18.98,19.049999,18.530001000000002,18.709999,18.709999,111500
2017-01-27,18.690001000000002,19.26,18.5,19.209999,19.209999,183600
2017-01-30,19.049999,19.1,18.5,18.709999,18.709999,126100
2017-01-31,18.549999,19.48,18.309998999999998,19.4,19.4,169200
2017-02-01,19.440001000000002,19.700001,19.27,19.440001000000002,19.440001000000002,172900
2017-02-02,19.360001,19.52,19.0,19.43,19.43,174200
2017-02-03,19.790001,20.049999,19.299999,20.01,20.01,158200
2017-02-06,19.950001,20.110001,19.639999,19.73,19.73,127800
2017-02-07,19.870001000000002,20.4,18.85,19.040001,19.040001,504600
2017-02-08,19.129998999999998,19.200001,18.18,18.34,18.34,353100
2017-02-09,18.309998999999998,18.780001000000002,18.190001000000002,18.66,18.66,160500
2017-02-10,18.74,19.07,18.280001000000002,18.48,18.48,111100
2017-02-13,18.65,18.74,18.139999,18.379998999999998,18.379998999999998,173700
2017-02-14,18.299999,18.860001,18.1,18.790001,18.790001,176700
2017-02-15,18.59,19.459999,18.559998999999998,19.41,19.41,261300
2017-02-16,19.459999,19.74,18.85,19.280001000000002,19.280001000000002,237700
2017-02-17,19.32,19.700001,19.040001,19.23,19.23,306600
2017-02-21,19.48,19.709999,19.200001,19.66,19.66,297100
2017-02-22,19.559998999999998,19.809998999999998,19.25,19.34,19.34,185700
2017-02-23,19.32,19.32,18.74,18.940001000000002,18.940001000000002,173000
2017-02-24,18.92,19.57,18.879998999999998,19.27,19.27,203400
2017-02-27,19.17,20.719998999999998,19.15,20.610001,20.610001,374400
2017-02-28,20.530001000000002,20.530001000000002,19.389999,20.049999,20.049999,335700
2017-03-01,20.290001,21.139999,20.049999,20.450001,20.450001,316400
2017-03-02,20.379998999999998,21.26,20.27,20.879998999999998,20.879998999999998,319700
2017-03-03,20.77,21.5,20.77,21.219998999999998,21.219998999999998,238600
2017-03-06,21.1,21.17,20.51,20.75,20.75,261200
2017-03-07,20.75,21.110001,20.25,20.82,20.82,223100
2017-03-08,20.790001,21.26,20.59,20.700001,20.700001,160300
2017-03-09,20.559998999999998,21.049999,20.4,20.629998999999998,20.629998999999998,171000
2017-03-10,20.0,20.82,20.0,20.73,20.73,341300
2017-03-13,20.84,20.99,20.26,20.709999,20.709999,278600
2017-03-14,20.67,20.67,19.25,19.84,19.84,390500
2017-03-15,19.889999,20.370001000000002,19.610001,20.049999,20.049999,236000
2017-03-16,20.1,20.32,19.77,20.27,20.27,135000
2017-03-17,20.209999,21.049999,19.9,20.26,20.26,1265200
2017-03-20,20.209999,20.83,19.92,20.799999,20.799999,148000
2017-03-21,20.75,21.129998999999998,19.5,19.540001,19.540001,312600
2017-03-22,19.530001000000002,19.73,19.0,19.68,19.68,232000
2017-03-23,19.690001000000002,28.200001,19.59,26.25,26.25,9203700
2017-03-24,26.35,27.5,25.379998999999998,27.27,27.27,1532700
2017-03-27,25.57,29.41,25.57,29.26,29.26,869400
2017-03-28,27.99,29.25,26.57,27.48,27.48,1018000
2017-03-29,27.57,28.51,26.190001000000002,26.969998999999998,26.969998999999998,650000
2017-03-30,27.059998999999998,27.280001000000002,26.049999,27.08,27.08,410700
2017-03-31,27.110001,27.299999,26.42,26.91,26.91,574200
2017-04-03,26.99,27.639999,25.540001,27.43,27.43,748200
2017-04-04,27.540001,27.690001000000002,26.690001000000002,27.5,27.5,444700
2017-04-05,27.51,27.75,26.139999,26.23,26.23,321700
2017-04-06,26.27,27.190001000000002,25.75,27.09,27.09,436000
2017-04-07,27.200001,27.25,25.549999,26.42,26.42,649200
2017-04-10,26.559998999999998,26.969998999999998,26.040001,26.620001000000002,26.620001000000002,276100
2017-04-11,26.6,26.860001,26.16,26.59,26.59,180100
2017-04-12,26.65,26.65,25.940001000000002,26.15,26.15,343200
2017-04-13,26.17,28.030001000000002,26.17,27.969998999999998,27.969998999999998,428400
2017-04-17,28.23,29.0,27.639999,28.02,28.02,533600
2017-04-18,27.9,28.299999,27.309998999999998,27.6,27.6,311000
2017-04-19,27.77,28.15,26.860001,26.959999,26.959999,227200
2017-04-20,26.98,27.219998999999998,26.549999,26.959999,26.959999,223300
2017-04-21,26.959999,27.0,26.15,26.370001000000002,26.370001000000002,322900
2017-04-24,26.82,26.9,25.99,26.209999,26.209999,198800
2017-04-25,26.389999,26.690001000000002,25.93,25.959999,25.959999,281800
2017-04-26,22.6,22.68,20.35,20.6,20.6,3959200
2017-04-27,20.43,21.24,20.09,20.940001000000002,20.940001000000002,2816500
2017-04-28,21.219998999999998,21.219998999999998,20.15,20.41,20.41,999700
2017-05-01,20.549999,21.200001,20.280001000000002,21.01,21.01,723600
2017-05-02,21.08,21.18,19.67,19.719998999999998,19.719998999999998,1256100
2017-05-03,19.51,20.309998999999998,19.299999,19.93,19.93,1275800
2017-05-04,20.09,20.139999,19.33,19.43,19.43,758300
2017-05-05,19.530001000000002,20.02,18.200001,18.57,18.57,1202800
2017-05-08,18.549999,19.09,18.360001,18.610001,18.610001,581100
2017-05-09,18.77,19.379998999999998,18.67,19.32,19.32,487600
2017-05-10,19.27,19.67,18.879998999999998,19.450001,19.450001,368200
2017-05-11,19.559998999999998,19.65,18.950001,19.469998999999998,19.469998999999998,372000
2017-05-12,19.440001000000002,19.5,19.030001000000002,19.309998999999998,19.309998999999998,434300
2017-05-15,19.41,19.530001000000002,18.25,18.290001,18.290001,650700
2017-05-16,18.43,18.540001,17.549999,18.07,18.07,818400
2017-05-17,17.870001000000002,18.059998999999998,17.4,17.41,17.41,627100
2017-05-18,17.66,17.700001,16.709999,17.440001000000002,17.440001000000002,763500
2017-05-19,17.469998999999998,18.15,17.040001,17.620001000000002,17.620001000000002,515500
2017-05-22,17.74,19.35,17.74,19.190001000000002,19.190001000000002,977600
2017-05-23,19.190001000000002,19.67,18.540001,19.59,19.59,982200
2017-05-24,19.610001,19.99,19.219998999999998,19.35,19.35,611400
2017-05-25,19.469998999999998,19.469998999999998,18.459999,18.74,18.74,493700
2017-05-26,18.639999,18.76,17.889999,18.280001000000002,18.280001000000002,341600
2017-05-30,18.24,18.24,17.280001000000002,17.42,17.42,411600
2017-05-31,17.4,17.58,16.84,17.09,17.09,540900
2017-06-01,17.129998999999998,17.48,16.700001,17.129998999999998,17.129998999999998,567800
2017-06-02,17.129998999999998,17.93,17.129998999999998,17.48,17.48,381000
2017-06-05,17.610001,17.610001,16.9,17.16,17.16,395100
2017-06-06,17.049999,17.459999,16.809998999999998,17.030001000000002,17.030001000000002,298000
2017-06-07,17.450001,17.77,16.59,17.02,17.02,573500
2017-06-08,17.18,17.73,16.75,17.41,17.41,353400
2017-06-09,17.4,17.620001000000002,16.799999,17.07,17.07,497700
2017-06-12,17.139999,17.639999,16.6,17.040001,17.040001,668900
2017-06-13,17.139999,17.440001000000002,16.75,17.200001,17.200001,565800
2017-06-14,17.190001000000002,17.51,16.9,17.110001,17.110001,471700
2017-06-15,16.98,17.48,16.51,16.969998999999998,16.969998999999998,596100
2017-06-16,16.790001,17.35,16.76,17.200001,17.200001,1522200
2017-06-19,17.209999,17.959999,17.07,17.790001,17.790001,544400
2017-06-20,17.799999,18.49,17.610001,18.08,18.08,553800
2017-06-21,18.299999,19.700001,18.219998999999998,19.52,19.52,1179100
2017-06-22,19.6,20.85,19.549999,20.16,20.16,1460700
2017-06-23,20.049999,20.65,19.84,20.59,20.59,845700
2017-06-26,20.879998999999998,21.91,20.700001,21.74,21.74,991500
2017-06-27,21.65,22.33,20.66,20.83,20.83,1331800
2017-06-28,21.049999,21.879998999999998,20.66,21.559998999999998,21.559998999999998,751300
2017-06-29,21.52,21.57,20.110001,20.559998999999998,20.559998999999998,751300
2017-06-30,20.77,20.799999,19.68,20.219998999999998,20.219998999999998,486700
2017-07-03,20.34,21.26,20.15,21.08,21.08,281600
2017-07-05,21.030001000000002,22.75,20.91,22.32,22.32,740200
2017-07-06,22.200001,22.469998999999998,21.530001000000002,22.0,22.0,663600
2017-07-07,22.48,22.73,21.360001,21.799999,21.799999,1057700
2017-07-10,21.82,21.85,20.9,21.23,21.23,593600
2017-07-11,21.32,22.24,21.32,22.16,22.16,667300
2017-07-12,22.530001000000002,24.209999,22.1,24.110001,24.110001,1370100
2017-07-13,24.110001,24.35,23.040001,23.9,23.9,859800
2017-07-14,23.84,24.34,23.610001,23.799999,23.799999,308100
2017-07-17,23.9,24.32,23.01,23.15,23.15,413900
2017-07-18,23.190001000000002,23.41,22.92,23.360001,23.360001,528900
2017-07-19,23.639999,24.129998999999998,23.26,23.610001,23.610001,351900
2017-07-20,23.790001,23.879998999999998,23.26,23.58,23.58,377200
2017-07-21,24.0,24.0,23.43,23.82,23.82,403400
2017-07-24,23.74,24.860001,23.549999,24.51,24.51,408100
2017-07-25,24.690001000000002,24.75,23.83,24.17,24.17,420400
2017-07-26,24.190001000000002,24.75,23.93,24.540001,24.540001,287400
2017-07-27,24.639999,24.73,23.280001000000002,23.83,23.83,500700
2017-07-28,23.82,24.450001,23.5,24.1,24.1,264600
2017-07-31,24.08,24.25,22.700001,22.799999,22.799999,727500
2017-08-01,22.85,23.09,22.030001000000002,22.35,22.35,340300
2017-08-02,22.51,22.77,21.91,22.530001000000002,22.530001000000002,348600
2017-08-03,22.530001000000002,23.0,21.91,22.01,22.01,292200
2017-08-04,22.0,22.540001,21.99,22.200001,22.200001,457500
2017-08-07,22.309998999999998,22.4,21.85,22.24,22.24,426100
2017-08-08,22.280001000000002,23.110001,22.02,22.25,22.25,337900
2017-08-09,21.309998999999998,23.1,21.02,21.77,21.77,457100
2017-08-10,21.5,22.41,21.5,21.870001000000002,21.870001000000002,327700
2017-08-11,21.870001000000002,22.98,21.870001000000002,22.83,22.83,284900
2017-08-14,22.98,23.02,21.940001000000002,22.690001000000002,22.690001000000002,335800
2017-08-15,22.68,22.68,22.280001000000002,22.33,22.33,186100
2017-08-16,22.459999,22.83,22.08,22.27,22.27,164200
2017-08-17,22.129998999999998,22.610001,21.85,22.040001,22.040001,254300
2017-08-18,21.83,22.41,21.83,22.120001000000002,22.120001000000002,340600
2017-08-21,22.129998999999998,22.51,21.99,22.440001000000002,22.440001000000002,270100
2017-08-22,22.459999,22.959999,22.24,22.889999,22.889999,249400
2017-08-23,22.719998999999998,23.98,22.629998999999998,23.709999,23.709999,519700
2017-08-24,24.120001000000002,25.780001000000002,23.84,25.530001000000002,25.530001000000002,716300
2017-08-25,25.709999,25.709999,24.190001000000002,24.48,24.48,502900
2017-08-28,24.9,25.0,24.120001000000002,24.469998999999998,24.469998999999998,316800
2017-08-29,24.27,24.809998999999998,24.129998999999998,24.33,24.33,185500
2017-08-30,24.33,24.959999,24.0,24.42,24.42,371700
2017-08-31,24.610001,25.91,24.5,25.700001,25.700001,559600
2017-09-01,25.629998999999998,25.700001,23.77,24.1,24.1,831000
2017-09-05,24.059998999999998,24.48,23.219998999999998,23.35,23.35,593500
2017-09-06,23.51,23.889999,22.66,23.51,23.51,543300
2017-09-07,23.4,24.379998999999998,23.049999,23.870001000000002,23.870001000000002,506600
2017-09-08,23.809998999999998,24.450001,23.299999,23.76,23.76,363900
2017-09-11,24.1,24.16,23.32,24.0,24.0,343000
2017-09-12,24.0,24.0,23.1,23.26,23.26,511000
2017-09-13,23.059998999999998,23.969998999999998,23.0,23.790001,23.790001,450300
2017-09-14,23.940001000000002,24.15,23.280001000000002,23.610001,23.610001,528700
2017-09-15,23.67,24.25,23.440001000000002,24.120001000000002,24.120001000000002,732400
2017-09-18,24.450001,25.540001,24.43,25.299999,25.299999,805300
2017-09-19,25.26,26.01,25.059998999999998,26.0,26.0,545200
2017-09-20,26.0,26.4,25.450001,25.77,25.77,725500
2017-09-21,25.790001,26.700001,25.51,26.68,26.68,483200
2017-09-22,26.6,26.709999,25.620001000000002,25.809998999999998,25.809998999999998,478300
2017-09-25,25.84,26.02,25.01,25.059998999999998,25.059998999999998,542700
2017-09-26,25.16,25.42,23.280001000000002,23.6,23.6,801900
2017-09-27,23.84,24.620001000000002,23.49,23.99,23.99,607900
2017-09-28,24.120001000000002,24.120001000000002,23.620001000000002,23.889999,23.889999,383600
2017-09-29,24.030001000000002,24.58,23.799999,24.18,24.18,710400
2017-10-02,24.99,27.030001000000002,24.91,26.24,26.24,1822800
2017-10-03,26.940001000000002,27.040001,26.25,26.49,26.49,1195700
2017-10-04,26.559998999999998,27.73,26.01,26.15,26.15,1662200
2017-10-05,26.68,27.389999,26.25,27.120001000000002,27.120001000000002,1679800
2017-10-06,27.76,32.25,25.139999,29.93,29.93,8210000
2017-10-09,30.49,30.5,27.209999,28.24,28.24,8732000
2017-10-10,28.469998999999998,29.07,26.67,27.17,27.17,3669900
2017-10-11,26.559998999999998,27.870001000000002,25.93,26.209999,26.209999,4377700
2017-10-12,26.26,27.01,25.610001,25.76,25.76,6991700
2017-10-13,25.860001,26.290001,25.5,25.530001000000002,25.530001000000002,1939500
2017-10-16,25.75,25.98,24.77,25.01,25.01,2895500
2017-10-17,25.059998999999998,25.719998999999998,24.780001000000002,25.370001000000002,25.370001000000002,1876000
2017-10-18,25.290001,25.52,24.15,24.280001000000002,24.280001000000002,2253700
2017-10-19,24.18,24.799999,23.43,23.73,23.73,1947700
2017-10-20,24.01,24.299999,22.99,23.15,23.15,1769200
2017-10-23,23.219998999999998,23.700001,21.950001,21.98,21.98,2205500
2017-10-24,22.23,22.32,21.16,21.639999,21.639999,2837200
2017-10-25,21.5,21.67,20.219998999999998,20.41,20.41,2604900
2017-10-26,20.25,20.309998999999998,19.059998999999998,19.620001000000002,19.620001000000002,3177400
2017-10-27,19.75,21.92,19.620001000000002,21.629998999999998,21.629998999999998,2891600
2017-10-30,21.83,23.030001000000002,21.83,22.6,22.6,2087700
2017-10-31,22.6,23.049999,21.780001000000002,22.01,22.01,1323600
2017-11-01,22.25,22.389999,21.629998999999998,22.1,22.1,1137300
2017-11-02,22.219998999999998,22.77,21.700001,22.120001000000002,22.120001000000002,928800
2017-11-03,21.940001000000002,23.299999,21.940001000000002,23.25,23.25,1065300
2017-11-06,23.27,23.889999,23.120001000000002,23.469998999999998,23.469998999999998,945700
2017-11-07,21.959999,23.99,21.950001,23.709999,23.709999,1245500
2017-11-08,23.6,23.75,22.639999,22.940001000000002,22.940001000000002,1284400
2017-11-09,23.1,24.0,22.52,23.860001,23.860001,1034900
2017-11-10,23.68,24.440001000000002,23.51,23.99,23.99,983000
2017-11-13,23.950001,24.34,23.379998999999998,23.48,23.48,719700
2017-11-14,23.290001,23.360001,21.67,22.549999,22.549999,1149900
2017-11-15,22.15,23.719998999999998,21.780001000000002,23.33,23.33,915300
2017-11-16,23.389999,24.030001000000002,23.33,23.66,23.66,707200
2017-11-17,23.58,24.049999,23.26,23.57,23.57,666800
2017-11-20,23.610001,24.1,23.209999,23.780001000000002,23.780001000000002,546300
2017-11-21,23.940001000000002,24.93,23.26,23.41,23.41,1602600
2017-11-22,23.43,23.790001,22.82,23.49,23.49,952000
2017-11-24,24.059998999999998,26.34,23.9,26.32,26.32,1523900
2017-11-27,27.48,27.49,24.02,24.469998999999998,24.469998999999998,1995900
2017-11-28,24.459999,24.969998999999998,23.870001000000002,24.65,24.65,1168800
2017-11-29,25.33,25.870001000000002,24.709999,25.200001,25.200001,1316400
2017-11-30,25.360001,26.41,25.26,25.91,25.91,1563100
2017-12-01,25.799999,26.26,24.75,25.66,25.66,1110300
2017-12-04,25.92,26.809998999999998,25.549999,25.700001,25.700001,1203300
2017-12-05,25.59,26.200001,25.26,25.440001000000002,25.440001000000002,755900
2017-12-06,25.209999,25.58,24.219998999999998,24.940001000000002,24.940001000000002,1012200
2017-12-07,24.809998999999998,25.84,24.42,25.18,25.18,809800
2017-12-08,25.42,26.030001000000002,25.27,25.469998999999998,25.469998999999998,1204300
2017-12-11,25.66,25.969998999999998,24.809998999999998,24.91,24.91,924000
2017-12-12,24.950001,25.280001000000002,24.18,24.82,24.82,1106300
2017-12-13,24.799999,25.809998999999998,24.790001,25.66,25.66,1350200
2017-12-14,25.870001000000002,26.93,24.200001,24.450001,24.450001,1698500
2017-12-15,24.549999,24.99,24.26,24.879998999999998,24.879998999999998,737748
